{
	"credit": "Made with Blockbench",
	"texture_size": [32, 32],
	"textures": {
		"0": "ftbquests:item/pda",
		"1": "ftbquests:item/screen",
		"particle": "ftbquests:item/pda"
	},
	"elements": [
		{
			"from": [1, 2, 4],
			"to": [13, 5, 7],
			"rotation": {"angle": 0, "axis": "y", "origin": [7, 0, 7]},
			"faces": {
				"north": {"uv": [5, 1.5, 11, 3], "texture": "#0"},
				"east": {"uv": [9, 8.5, 10.5, 10], "texture": "#0"},
				"south": {"uv": [5, 0, 11, 1.5], "texture": "#0"},
				"west": {"uv": [9, 8.5, 10.5, 10], "texture": "#0"},
				"up": {"uv": [11, 4.5, 5, 3], "rotation": 180, "texture": "#0"},
				"down": {"uv": [11, 4.5, 5, 6], "rotation": 180, "texture": "#0"}
			}
		},
		{
			"from": [1, 10, 4],
			"to": [13, 11, 7],
			"rotation": {"angle": 0, "axis": "y", "origin": [7, 6, 7]},
			"faces": {
				"north": {"uv": [9, 8, 15, 8.5], "texture": "#0"},
				"east": {"uv": [11, 0, 12.5, 0.5], "texture": "#0"},
				"south": {"uv": [9, 7.5, 15, 8], "texture": "#0"},
				"west": {"uv": [11, 0, 12.5, 0.5], "texture": "#0"},
				"up": {"uv": [11, 7.5, 5, 6], "rotation": 180, "texture": "#0"},
				"down": {"uv": [11, 6, 5, 7.5], "rotation": 180, "texture": "#0"}
			}
		},
		{
			"from": [2, 5, 4],
			"to": [12, 10, 6],
			"rotation": {"angle": 0, "axis": "y", "origin": [7, 0, 10]},
			"faces": {
				"north": {"uv": [0, 2.5, 5, 5], "texture": "#0"},
				"south": {"uv": [0, 12.5, 7, 16], "texture": "#1"}
			}
		},
		{
			"name": "glass",
			"from": [2, 5, 6.5],
			"to": [12, 10, 6.5],
			"rotation": {"angle": 0, "axis": "y", "origin": [7, 0, 12.5]},
			"faces": {
				"south": {"uv": [0, 5, 5, 7.5], "texture": "#0"}
			}
		},
		{
			"from": [13, 3, 4.5],
			"to": [15, 10, 6.5],
			"rotation": {"angle": 0, "axis": "y", "origin": [19, 0, 4.5]},
			"faces": {
				"north": {"uv": [3, 9, 4, 12.5], "texture": "#0"},
				"east": {"uv": [4, 9, 5, 12.5], "texture": "#0"},
				"south": {"uv": [4, 9, 3, 12.5], "texture": "#0"},
				"up": {"uv": [10.5, 11, 9.5, 10], "texture": "#0"},
				"down": {"uv": [10.5, 10, 9.5, 11], "texture": "#0"}
			}
		},
		{
			"name": "antenna",
			"from": [10, 11, 4.5],
			"to": [12, 12, 6.5],
			"rotation": {"angle": 0, "axis": "y", "origin": [12, 22, -0.5]},
			"faces": {
				"north": {"uv": [12, 0.5, 11, 1], "texture": "#0"},
				"east": {"uv": [11, 0.5, 12, 1], "texture": "#0"},
				"south": {"uv": [12, 0.5, 11, 1], "texture": "#0"},
				"west": {"uv": [11, 0.5, 12, 1], "texture": "#0"},
				"up": {"uv": [11.5, 10.5, 10.5, 9.5], "rotation": 180, "texture": "#0"}
			}
		},
		{
			"name": "antenna",
			"from": [10.5, 12, 5],
			"to": [11.5, 14, 6],
			"rotation": {"angle": 0, "axis": "y", "origin": [12.5, 23, -1]},
			"faces": {
				"north": {"uv": [11, 2.5, 11.5, 3.5], "texture": "#0"},
				"east": {"uv": [11, 2.5, 11.5, 3.5], "texture": "#0"},
				"south": {"uv": [11, 2.5, 11.5, 3.5], "texture": "#0"},
				"west": {"uv": [11, 2.5, 11.5, 3.5], "texture": "#0"},
				"up": {"uv": [11.5, 7, 11, 6.5], "rotation": 180, "texture": "#0"}
			}
		},
		{
			"from": [12, 5, 4],
			"to": [13, 10, 7],
			"rotation": {"angle": 0, "axis": "y", "origin": [12, 10, 0]},
			"faces": {
				"north": {"uv": [7.5, 10, 8, 12.5], "texture": "#0"},
				"east": {"uv": [0, 9, 1.5, 11.5], "texture": "#0"},
				"south": {"uv": [8.5, 10, 9, 12.5], "texture": "#0"},
				"west": {"uv": [6, 7.5, 7.5, 10], "texture": "#0"}
			}
		},
		{
			"from": [1, 5, 4],
			"to": [2, 10, 7],
			"rotation": {"angle": 0, "axis": "y", "origin": [2, 10, 0]},
			"faces": {
				"north": {"uv": [7.5, 10, 8, 12.5], "texture": "#0"},
				"east": {"uv": [1.5, 9, 3, 11.5], "texture": "#0"},
				"south": {"uv": [8.5, 10, 9, 12.5], "texture": "#0"},
				"west": {"uv": [1.5, 9, 3, 11.5], "texture": "#0"}
			}
		},
		{
			"name": "button",
			"from": [3, 11, 5],
			"to": [4, 11.5, 6],
			"rotation": {"angle": 0, "axis": "y", "origin": [3, 11, 6]},
			"faces": {
				"north": {"uv": [0, 0, 0.5, 0.25], "rotation": 180, "texture": "#0"},
				"east": {"uv": [0, 0, 0.25, 0.5], "rotation": 90, "texture": "#0"},
				"south": {"uv": [0, 0, 0.5, 0.25], "texture": "#0"},
				"west": {"uv": [0, 0, 0.25, 0.5], "rotation": 270, "texture": "#0"},
				"up": {"uv": [0, 0, 0.5, 0.5], "texture": "#0"}
			}
		},
		{
			"name": "button",
			"from": [0.5, 3, 5],
			"to": [1, 4, 6],
			"rotation": {"angle": 0, "axis": "y", "origin": [1, 3, 6]},
			"faces": {
				"north": {"uv": [0, 0, 0.5, 0.25], "rotation": 270, "texture": "#0"},
				"south": {"uv": [0, 0, 0.5, 0.25], "rotation": 270, "texture": "#0"},
				"west": {"uv": [0, 0, 0.5, 0.5], "rotation": 270, "texture": "#0"},
				"up": {"uv": [0, 0, 0.25, 0.5], "texture": "#0"},
				"down": {"uv": [0, 0, 0.25, 0.5], "rotation": 180, "texture": "#0"}
			}
		},
		{
			"name": "button",
			"from": [0.5, 5, 5],
			"to": [1, 6, 6],
			"rotation": {"angle": 0, "axis": "y", "origin": [1, 5, 6]},
			"faces": {
				"north": {"uv": [0.5, 0, 1, 0.25], "rotation": 270, "texture": "#0"},
				"south": {"uv": [0.5, 0, 1, 0.25], "rotation": 270, "texture": "#0"},
				"west": {"uv": [0.5, 0, 1, 0.5], "rotation": 270, "texture": "#0"},
				"up": {"uv": [0.5, 0, 0.75, 0.5], "texture": "#0"},
				"down": {"uv": [0.5, 0, 0.75, 0.5], "rotation": 180, "texture": "#0"}
			}
		},
		{
			"from": [0.99, 7, 5],
			"to": [0.99, 8, 6],
			"rotation": {"angle": 0, "axis": "y", "origin": [0.9, 7, 5]},
			"faces": {
				"west": {"uv": [2, 10, 2.5, 10.5], "texture": "#1"}
			}
		}
	],
	"display": {
		"thirdperson_righthand": {
			"translation": [-5, 0, 2.75],
			"scale": [0.6, 0.6, 0.6]
		},
		"thirdperson_lefthand": {
			"translation": [-5, 0.25, 2.75],
			"scale": [0.6, 0.6, 0.6]
		},
		"firstperson_righthand": {
			"rotation": [4, -20, 0],
			"translation": [0, 2.5, -2.25]
		},
		"firstperson_lefthand": {
			"rotation": [4, -20, 0],
			"translation": [0, 2.5, -2.25]
		},
		"ground": {
			"translation": [0, 1.25, 0],
			"scale": [0.6, 0.6, 0.6]
		},
		"gui": {
			"rotation": [23, -13, -1.81],
			"translation": [-0.25, 0, 0]
		},
		"head": {
			"translation": [1, 0.5, -5.25]
		},
		"fixed": {
			"rotation": [0, 180, 0],
			"translation": [-0.75, 0, -3]
		}
	}
}