{
	"credit": "Made with Blockbench",
	"texture_size": [32, 32],
	"textures": {
		"0": "item/flint_and_steel",
		"1": "item/flame",
		"particle": "item/flint_and_steel"
	},
	"elements": [
		{
			"from": [6.46369, 3.90318, 6.9758],
			"to": [9.53631, 8.5121, 9.0242],
			"rotation": {"angle": 0, "axis": "y", "origin": [7.4879, 3.90318, 7.4879]},
			"faces": {
				"north": {"uv": [0, 0, 3, 4.5], "texture": "#0"},
				"east": {"uv": [0, 4.5, 2, 9], "texture": "#0"},
				"south": {"uv": [0, 0, 3, 4.5], "texture": "#0"},
				"west": {"uv": [0, 4.5, 2, 9], "texture": "#0"},
				"up": {"uv": [6, 4, 3, 2], "texture": "#0"},
				"down": {"uv": [6, 0, 3, 2], "texture": "#0"}
			}
		},
		{
			"from": [9.38038, 7.75969, 6.9758],
			"to": [12.45299, 9.29599, 9.0242],
			"rotation": {"angle": 22.5, "axis": "z", "origin": [11.42879, 9.29599, 7.4879]},
			"faces": {
				"north": {"uv": [6, 0, 7.5, 3], "rotation": 270, "texture": "#0"},
				"east": {"uv": [4.5, 9, 3, 7], "rotation": 90, "texture": "#0"},
				"south": {"uv": [7.5, 3, 6, 0], "rotation": 90, "texture": "#0"},
				"west": {"uv": [4.5, 7, 3, 9], "rotation": 90, "texture": "#0"},
				"up": {"uv": [5, 5, 7, 8], "rotation": 90, "texture": "#0"},
				"down": {"uv": [3, 4, 5, 7], "rotation": 90, "texture": "#0"}
			}
		},
		{
			"from": [9.0242, 8, 7.4879],
			"to": [10.04841, 9.0242, 8.5121],
			"rotation": {"angle": 0, "axis": "y", "origin": [15.16943, 12.09682, 10.56051]},
			"faces": {
				"north": {"uv": [2, 5.5, 3, 6.5], "texture": "#0"},
				"east": {"uv": [6, 3, 7, 4], "texture": "#0"},
				"south": {"uv": [2, 6.5, 3, 7.5], "texture": "#0"},
				"west": {"uv": [6, 4, 7, 5], "texture": "#0"},
				"up": {"uv": [3, 8.5, 2, 7.5], "texture": "#0"},
				"down": {"uv": [8, 3, 7, 4], "texture": "#0"}
			}
		},
		{
			"from": [6.9758, 8.5121, 7.4879],
			"to": [8, 9.53631, 8.5121],
			"rotation": {"angle": 0, "axis": "y", "origin": [6.9758, 8.5121, 7.4879]},
			"faces": {
				"north": {"uv": [2, 4.5, 3, 5.5], "texture": "#0"},
				"east": {"uv": [5, 4, 6, 5], "texture": "#0"},
				"south": {"uv": [2, 4.5, 3, 5.5], "texture": "#0"},
				"west": {"uv": [6, 3, 7, 4], "texture": "#0"},
				"up": {"uv": [3, 5.5, 2, 4.5], "texture": "#0"}
			}
		},
		{
			"from": [7.4879, 9.53631, 7.4879],
			"to": [7.4879, 11.58472, 8.5121],
			"rotation": {"angle": 0, "axis": "y", "origin": [3.90318, 15.16943, 10.56051]},
			"faces": {
				"east": {"uv": [10.5, 5, 11.5, 7], "texture": "#1"},
				"west": {"uv": [11.5, 5, 10.5, 7], "texture": "#1"}
			}
		},
		{
			"from": [6.46369, 9.53631, 8],
			"to": [8, 11.58472, 8],
			"rotation": {"angle": 0, "axis": "y", "origin": [10.04841, 15.16943, 11.58472]},
			"faces": {
				"north": {"uv": [0, 9, 1.5, 11], "texture": "#1"},
				"south": {"uv": [1.5, 9, 0, 11], "texture": "#1"}
			}
		}
	],
	"display": {
		"thirdperson_righthand": {
			"rotation": [-0.57, 7.03, 4.06],
			"translation": [-2, 1.5, 2]
		},
		"thirdperson_lefthand": {
			"rotation": [-0.57, 168, 4.06],
			"translation": [-2, 1.5, 2]
		},
		"firstperson_righthand": {
			"rotation": [0, -43, 0],
			"translation": [0, 0, -2.75]
		},
		"firstperson_lefthand": {
			"rotation": [-180, 43, 180],
			"translation": [0, 0, -3.25]
		},
		"ground": {
			"translation": [0, -0.5, 0]
		},
		"gui": {
			"translation": [-0.5, 0.75, 0],
			"scale": [1.6, 1.6, 1.6]
		},
		"head": {
			"translation": [0, 9.5, -4.25]
		},
		"fixed": {
			"scale": [1.6, 1.6, 1.6]
		}
	},
	"groups": [
		0,
		1,
		2,
		{
			"name": "flame",
			"origin": [8, 8, 8],
			"color": 0,
			"children": [3, 4, 5]
		}
	]
}