{"ambientocclusion":false,"textures":{"bottom":"securitycraft:block/block_change_detector_bottom","top":"securitycraft:block/block_change_detector_top","particle":"#side"},"elements":[{"from":[0,0,0],"to":[16,9,16],"faces":{"north":{"uv":[0,7,16,16],"texture":"#side"},"east":{"uv":[0,7,16,16],"texture":"#side"},"south":{"uv":[0,7,16,16],"texture":"#side"},"west":{"uv":[0,7,16,16],"texture":"#side"},"up":{"uv":[0,0,16,16],"rotation":180,"texture":"#top"},"down":{"uv":[0,0,16,16],"texture":"#bottom"}}},{"from":[7,9,7],"to":[9,16,9],"rotation":{"angle":0,"axis":"y","origin":[15,17,15]},"faces":{"north":{"uv":[0,0,2,7],"texture":"#side"},"east":{"uv":[0,0,2,7],"texture":"#side"},"south":{"uv":[0,0,2,7],"texture":"#side"},"west":{"uv":[0,0,2,7],"texture":"#side"},"up":{"uv":[0,0,2,2],"texture":"#side"}}}],"display":{"thirdperson_righthand":{"rotation":[75,45,0],"translation":[0,2.5,0],"scale":[0.375,0.375,0.375]},"thirdperson_lefthand":{"rotation":[75,45,0],"translation":[0,2.5,0],"scale":[0.375,0.375,0.375]},"firstperson_righthand":{"rotation":[0,45,0],"scale":[0.4,0.4,0.4]},"firstperson_lefthand":{"rotation":[0,225,0],"scale":[0.4,0.4,0.4]},"ground":{"translation":[0,3,0],"scale":[0.25,0.25,0.25]},"gui":{"rotation":[30,225,0],"scale":[0.625,0.625,0.625]},"head":{"translation":[0,9.5,0]},"fixed":{"scale":[0.5,0.5,0.5]}}}