{"parent":"block/block","render_type":"minecraft:cutout","ambientocclusion":false,"textures":{"keypad":"securitycraft:block/keypad_furnace_top_inactive","side":"securitycraft:block/keypad_furnace_side","bottom":"securitycraft:block/keypad_furnace_bottom","back":"securitycraft:block/keypad_furnace_back","ironBlock":"securitycraft:block/keypad_furnace_silly","particle":"securitycraft:block/keypad_furnace_back"},"elements":[{"name":"main","from":[0,0,3],"to":[16,16,16],"faces":{"east":{"uv":[0,0,13,16],"texture":"#side"},"south":{"uv":[0,0,16,16],"texture":"#back"},"west":{"uv":[1,0,14,16],"texture":"#side"},"up":{"uv":[0,0,16,13],"rotation":180,"texture":"#keypad"},"down":{"uv":[0,0,16,13],"texture":"#bottom"}}},{"name":"top_edge","from":[0,15,2],"to":[16,16,3],"faces":{"north":{"uv":[0,0,16,1],"texture":"#window"},"east":{"uv":[13,0,14,1],"texture":"#side"},"west":{"uv":[0,0,1,1],"texture":"#side"},"up":{"uv":[0,13,16,14],"rotation":180,"texture":"#keypad"},"down":{"uv":[0,13,16,14],"texture":"#ironBlock"}}},{"name":"left_edge","from":[15,1,2],"to":[16,15,3],"faces":{"north":{"uv":[0,1,1,15],"texture":"#window"},"east":{"uv":[13,1,14,15],"texture":"#side"},"west":{"uv":[13,1,14,15],"texture":"#ironBlock"}}},{"name":"right_edge","from":[0,1,2],"to":[1,15,3],"faces":{"north":{"uv":[15,1,16,15],"texture":"#window"},"east":{"uv":[2,1,3,15],"texture":"#ironBlock"},"west":{"uv":[0,1,1,15],"texture":"#side"}}},{"name":"bottom_edge","from":[0,0,2],"to":[16,1,3],"faces":{"north":{"uv":[0,15,16,16],"texture":"#window"},"east":{"uv":[13,15,14,16],"texture":"#side"},"west":{"uv":[0,15,1,16],"texture":"#side"},"up":{"uv":[0,13,16,14],"texture":"#ironBlock"},"down":{"uv":[0,13,16,14],"texture":"#bottom"}}},{"name":"window","from":[1,1,2],"to":[15,15,2],"faces":{"north":{"uv":[1,1,15,15],"texture":"#window"}}},{"name":"furnace","from":[1,1,3],"to":[15,15,3],"faces":{"north":{"uv":[1,1,15,15],"texture":"#furnace"}}},{"name":"handle_front","from":[4,14,0],"to":[12,15,1],"faces":{"north":{"uv":[4,1,12,2],"texture":"#ironBlock"},"east":{"uv":[15,1,16,2],"texture":"#ironBlock"},"south":{"uv":[4,1,12,2],"texture":"#ironBlock"},"west":{"uv":[0,1,1,2],"texture":"#ironBlock"},"up":{"uv":[4,0,12,1],"texture":"#ironBlock"},"down":{"uv":[4,15,12,16],"texture":"#ironBlock"}}},{"name":"handle_right","from":[4,14,1],"to":[5,15,2],"faces":{"east":{"uv":[14,1,15,2],"texture":"#ironBlock"},"west":{"uv":[1,1,2,2],"texture":"#ironBlock"},"up":{"uv":[4,1,5,2],"texture":"#ironBlock"},"down":{"uv":[4,14,5,15],"texture":"#ironBlock"}}},{"name":"handle_left","from":[11,14,1],"to":[12,15,2],"faces":{"east":{"uv":[14,1,15,2],"texture":"#ironBlock"},"west":{"uv":[1,1,2,2],"texture":"#ironBlock"},"up":{"uv":[11,1,12,2],"texture":"#ironBlock"},"down":{"uv":[11,14,12,15],"texture":"#ironBlock"}}}]}