{"parent":"block/block","render_type":"minecraft:cutout_mipped","textures":{"0":"securitycraft:block/block_pocket_manager_front","1":"securitycraft:block/reinforced_crystal_quartz_pillar","2":"securitycraft:block/reinforced_crystal_quartz_pillar_top","particle":"securitycraft:block/block_pocket_manager_front"},"elements":[{"from":[0,0,0],"to":[16,16,16],"faces":{"north":{"uv":[0,0,16,16],"rotation":270,"texture":"#1"},"east":{"uv":[0,0,16,16],"texture":"#2"},"south":{"uv":[0,0,16,16],"rotation":90,"texture":"#1"},"west":{"uv":[0,0,16,16],"texture":"#2"},"up":{"uv":[0,0,16,16],"rotation":90,"texture":"#1"},"down":{"uv":[0,0,16,16],"rotation":90,"texture":"#1"}}},{"from":[0,0,0],"to":[16,16,16],"faces":{"north":{"uv":[0,0,16,16],"texture":"#0"}}}]}