{"variants":{"facing=east,half=bottom,shape=inner_left":{"model":"securitycraft:block/reinforced_crystal_quartz_stairs_inner","uvlock":true,"y":270},"facing=east,half=bottom,shape=inner_right":{"model":"securitycraft:block/reinforced_crystal_quartz_stairs_inner"},"facing=east,half=bottom,shape=outer_left":{"model":"securitycraft:block/reinforced_crystal_quartz_stairs_outer","uvlock":true,"y":270},"facing=east,half=bottom,shape=outer_right":{"model":"securitycraft:block/reinforced_crystal_quartz_stairs_outer"},"facing=east,half=bottom,shape=straight":{"model":"securitycraft:block/reinforced_crystal_quartz_stairs"},"facing=east,half=top,shape=inner_left":{"model":"securitycraft:block/reinforced_crystal_quartz_stairs_inner","uvlock":true,"x":180},"facing=east,half=top,shape=inner_right":{"model":"securitycraft:block/reinforced_crystal_quartz_stairs_inner","uvlock":true,"x":180,"y":90},"facing=east,half=top,shape=outer_left":{"model":"securitycraft:block/reinforced_crystal_quartz_stairs_outer","uvlock":true,"x":180},"facing=east,half=top,shape=outer_right":{"model":"securitycraft:block/reinforced_crystal_quartz_stairs_outer","uvlock":true,"x":180,"y":90},"facing=east,half=top,shape=straight":{"model":"securitycraft:block/reinforced_crystal_quartz_stairs","uvlock":true,"x":180},"facing=north,half=bottom,shape=inner_left":{"model":"securitycraft:block/reinforced_crystal_quartz_stairs_inner","uvlock":true,"y":180},"facing=north,half=bottom,shape=inner_right":{"model":"securitycraft:block/reinforced_crystal_quartz_stairs_inner","uvlock":true,"y":270},"facing=north,half=bottom,shape=outer_left":{"model":"securitycraft:block/reinforced_crystal_quartz_stairs_outer","uvlock":true,"y":180},"facing=north,half=bottom,shape=outer_right":{"model":"securitycraft:block/reinforced_crystal_quartz_stairs_outer","uvlock":true,"y":270},"facing=north,half=bottom,shape=straight":{"model":"securitycraft:block/reinforced_crystal_quartz_stairs","uvlock":true,"y":270},"facing=north,half=top,shape=inner_left":{"model":"securitycraft:block/reinforced_crystal_quartz_stairs_inner","uvlock":true,"x":180,"y":270},"facing=north,half=top,shape=inner_right":{"model":"securitycraft:block/reinforced_crystal_quartz_stairs_inner","uvlock":true,"x":180},"facing=north,half=top,shape=outer_left":{"model":"securitycraft:block/reinforced_crystal_quartz_stairs_outer","uvlock":true,"x":180,"y":270},"facing=north,half=top,shape=outer_right":{"model":"securitycraft:block/reinforced_crystal_quartz_stairs_outer","uvlock":true,"x":180},"facing=north,half=top,shape=straight":{"model":"securitycraft:block/reinforced_crystal_quartz_stairs","uvlock":true,"x":180,"y":270},"facing=south,half=bottom,shape=inner_left":{"model":"securitycraft:block/reinforced_crystal_quartz_stairs_inner"},"facing=south,half=bottom,shape=inner_right":{"model":"securitycraft:block/reinforced_crystal_quartz_stairs_inner","uvlock":true,"y":90},"facing=south,half=bottom,shape=outer_left":{"model":"securitycraft:block/reinforced_crystal_quartz_stairs_outer"},"facing=south,half=bottom,shape=outer_right":{"model":"securitycraft:block/reinforced_crystal_quartz_stairs_outer","uvlock":true,"y":90},"facing=south,half=bottom,shape=straight":{"model":"securitycraft:block/reinforced_crystal_quartz_stairs","uvlock":true,"y":90},"facing=south,half=top,shape=inner_left":{"model":"securitycraft:block/reinforced_crystal_quartz_stairs_inner","uvlock":true,"x":180,"y":90},"facing=south,half=top,shape=inner_right":{"model":"securitycraft:block/reinforced_crystal_quartz_stairs_inner","uvlock":true,"x":180,"y":180},"facing=south,half=top,shape=outer_left":{"model":"securitycraft:block/reinforced_crystal_quartz_stairs_outer","uvlock":true,"x":180,"y":90},"facing=south,half=top,shape=outer_right":{"model":"securitycraft:block/reinforced_crystal_quartz_stairs_outer","uvlock":true,"x":180,"y":180},"facing=south,half=top,shape=straight":{"model":"securitycraft:block/reinforced_crystal_quartz_stairs","uvlock":true,"x":180,"y":90},"facing=west,half=bottom,shape=inner_left":{"model":"securitycraft:block/reinforced_crystal_quartz_stairs_inner","uvlock":true,"y":90},"facing=west,half=bottom,shape=inner_right":{"model":"securitycraft:block/reinforced_crystal_quartz_stairs_inner","uvlock":true,"y":180},"facing=west,half=bottom,shape=outer_left":{"model":"securitycraft:block/reinforced_crystal_quartz_stairs_outer","uvlock":true,"y":90},"facing=west,half=bottom,shape=outer_right":{"model":"securitycraft:block/reinforced_crystal_quartz_stairs_outer","uvlock":true,"y":180},"facing=west,half=bottom,shape=straight":{"model":"securitycraft:block/reinforced_crystal_quartz_stairs","uvlock":true,"y":180},"facing=west,half=top,shape=inner_left":{"model":"securitycraft:block/reinforced_crystal_quartz_stairs_inner","uvlock":true,"x":180,"y":180},"facing=west,half=top,shape=inner_right":{"model":"securitycraft:block/reinforced_crystal_quartz_stairs_inner","uvlock":true,"x":180,"y":270},"facing=west,half=top,shape=outer_left":{"model":"securitycraft:block/reinforced_crystal_quartz_stairs_outer","uvlock":true,"x":180,"y":180},"facing=west,half=top,shape=outer_right":{"model":"securitycraft:block/reinforced_crystal_quartz_stairs_outer","uvlock":true,"x":180,"y":270},"facing=west,half=top,shape=straight":{"model":"securitycraft:block/reinforced_crystal_quartz_stairs","uvlock":true,"x":180,"y":180}}}